{  
   "timestamp":1471917899,
   "command_name":"RSpec",
   "files":[  
   ],
   "metrics":{  
      "covered_percent":99.14754098360656,
      "covered_strength":31.564786885245905,
      "covered_lines":1512,
      "total_lines":1525
   }
}
